Chunk 1,Chunk 2,Chunk 3,Chunk 4,Chunk 5,output
848465656571,657165676771,716771658484,678465718471,656565846771,65
656771717167,657171846765,658484846767,656567676571,677165676765,67
718465658465,716584657165,846567657171,716565718467,658484848484,67
848484846565,657171658465,716565716771,718484658484,716784678484,71
718484717165,676771718484,846784718471,846584656567,846765848471,65
656571676765,848465717171,716771717167,658484846767,676584717171,67
656565657171,848471846771,657165656567,717184717167,716571716784,71
848484677165,846767847167,716771656571,676784717171,716584717165,84
718467678471,718484658467,676567657171,716784848484,848467676567,65
847167677165,846765676765,717171658471,846567676767,676571677171,67
656765657171,718484658467,676567656765,718484676571,716584716567,67
718467677184,677171846771,716767847167,848484846584,846565717184,67
848471658484,847167848471,717184716784,677171677167,658467717167,65
847184717165,846565718467,677171676767,658465677171,678465676565,84
657171677167,848467848484,677184847184,716767716767,848484676765,65
846784848471,717171716584,658467677184,718467677184,717165656784,67
847171676571,676571847167,718471716584,678484678467,677167716584,71
657167847167,677184676767,656567656584,846765656765,676784717165,84
676771846767,678484716765,717184677165,657167677165,657171677165,67
716565848471,677184718471,846584716765,676767656567,677184848467,71
846767846771,658484717171,847165656771,657165657184,656767846771,71
846771676784,676784717165,656784716784,677171847165,656771677171,67
716571717171,676565848471,676767716771,678484846767,848465848465,65
846571716765,716765657167,716765716767,716765676767,677167718471,67
677167676584,677184716767,658467716765,658467676765,677184717167,71
676767676771,676784676771,718467716765,676771676771,676784716771,67
677171846567,657167677171,847184678471,676771676567,677171846771,84
717184846767,846771677165,657165716784,716767716767,847184717167,71
716771718484,846767657167,718467656771,716767716567,846767846567,71
657171677171,656571656567,677165716765,846771658467,677167847171,67
677184657167,676584716767,717167847171,677167677167,716767717167,65
658465677167,656767716571,677167656567,718467676571,718467716565,71
716771677167,847165657167,656765676765,716784656767,847165656767,71
676567678484,676567678484,677165716565,678484677184,677165717171,67
656571846767,656567676565,678471716767,677184716767,716771716767,84
717167657171,847171677171,656765656767,846765657167,658471716784,65
676565676767,716784718484,676784678465,847171847171,717184677171,67
678471717167,656571656767,676567678471,658471676584,716784718465,71
718465656767,658467847167,847165657165,657165658467,677165656771,67
676565717184,677184678465,676784716765,848467717165,716771678484,67
718467716771,716567658471,718467656571,716767678471,676571678467,65
656771676765,846765656771,656584846765,657167716784,846784656767,71
678467717184,717165677167,716784716784,716584677165,677165846584,67
676571848467,848467716767,677184656571,716571677167,846767676571,71
656571657184,846784846767,656765676784,846765656771,676767848467,84
677165657171,677171676765,716765717184,716584676784,676567676571,67
716567677167,846584676771,656571716565,658467716565,717167848471,71
656571657167,717167847165,656584676767,716784846771,716784717171,71
676784716567,717184717167,677184677165,716767716767,717165656784,71
716565656767,677184718467,716771658467,678471658471,656571656571,71
676771657167,657171676765,657165846771,656567847167,677167656771,65
847167717167,718484678484,676584677167,676765716771,676584676771,84
846767656567,718471677167,716565678471,716565717167,716771678471,65
657167717171,847165846771,676767656784,677167656784,846765847171,71
846771716767,716584676567,676584677165,716784716584,676771677165,71
846771678471,656571716567,678471678471,716767678471,676571716567,65
657167847171,846765716765,846771656765,656765846767,657167716765,67
677184677167,677165718465,678465676565,716584676565,716584678467,67
716584678471,848471846767,656571677171,677184846771,677184846771,71
847171677167,718467677167,716767657171,847171676765,847171677167,84
678467676565,717165716784,716567676565,676765676571,676784716767,71
716571658467,717167718465,716767848467,717167717184,677171716584,67
656765676765,676771847184,847167656771,676784718467,718465657165,84
677167846765,656784846571,717165658467,677165677167,717165846584,67
677167716571,716567846567,656571656567,678471678471,677184656767,67
847165678465,676784716567,716765716767,676567716571,716765657171,71
656784657165,676765847167,658484846765,676765848467,656567716771,65
657167676784,718484716565,656767716784,716765656784,717184677167,67
717167718467,718471716565,677167677167,676571656765,848471676771,71
848467846784,676765656771,846767847167,847171847171,846771656571,71
676765716765,716784718467,716784716567,677171846567,677165676784,67
716571718467,716571678471,718467717184,677167718471,718465678471,71
657171658471,676771676771,657167676771,716771657165,846765676771,84
656767717167,716771676565,716784716584,717165676584,678471676565,71
657167678471,676767657167,716584718471,678471658467,716567658467,67
718471846771,656571657167,657165657167,846767847171,847165657171,67
677171676771,676571676771,848484846567,676784678467,676567676784,71
676771716767,656567716567,848467676767,656767718467,716571716565,71
716767676771,718484677167,847165656784,846765716765,846771676767,65
716571676565,716784716771,846771676784,716584677165,846771676567,67
657167848467,716767658471,716771676571,676571716584,718471677167,84
656784656767,846765656771,716765847167,846767847171,656571847165,65
677171847171,677167676784,716771678467,677184677167,676567677165,84
717171676567,677167678471,716767658471,847167846771,678471716567,71
677167657165,846767677184,677167657171,656767716767,656767657171,84
716584677184,676767716771,676565717171,676584676784,677165656784,71
716771677167,678471678467,656767716571,676571716584,717167716571,71
846771716765,846771846767,846771716767,657167656767,656765848467,71
677167676567,676567677171,677165718484,676567678484,676567678467,71
656571678471,718471716567,717167656571,848467676771,716567846567,71
657167718471,847167847167,677167718471,716771716771,656765656567,84
717184716584,677171847165,846771676765,716765658484,716771677165,71
716767848467,657167677184,656767716771,658467678467,846767656567,71
657165657184,656767716771,718465848467,716767847167,657167847184,67
676565677171,846784716784,716565716584,676765717167,716565676565,67
676771716565,676571716565,716571716767,716571716565,716565718471,67
657171846771,657184656765,656771716771,717165656767,847171657165,84
847171678484,676565677184,676571678465,676784716784,677165677184,71
678471717184,718471658467,717184656767,716565676571,718467677167,84
846765848467,846784676771,656784676765,656765716765,716771676767,84
717184676765,677165717167,677165676565,847165677165,848467677167,67
846567718467,718467658471,676771658471,677167678467,846565846765,67
716784716565,847184676767,847165676767,716771848484,677171846765,67
677167717184,716771676565,676784716765,676767717184,716567676784,67
846767676767,846767676767,677167658467,656567658467,678484846567,71
716771656765,656771716765,716771716765,657165676765,716771847167,84
677165657167,716584676765,676784716784,717171676784,717167716771,67
846771848467,677167657167,716784677167,678471676571,676771718471,65
846767657184,656771657171,656571677171,676784716765,678471846584,84
677171676765,657184716584,718484717167,676565847171,676584657167,67
657167656584,678467717171,658484846767,677184716565,677167676571,71
716771657184,846765676765,846767716765,846771658471,717167657165,65
677167676771,656571847167,847167846765,718484717167,717165656567,67
678484676765,848471676565,678471658467,656584676771,716567657167,84
848467716767,848467846771,657171716771,677167677165,656565848467,71
846771716765,718484676784,677165848471,717171657184,718484676765,67
718471716565,676784677167,848467678471,676767718467,847171676565,67
716784847167,657165657171,677184847167,716767657167,717165656784,67
678471716784,676771716765,847171846565,656784717165,676767677167,71
846771676565,716771716767,847171716567,677171716571,848471657167,67
847171676765,716771658471,657165846771,658471676784,656767716765,71
656571678465,846584676765,717167716784,716565656767,717184718484,67
716571716565,656767678467,716767716571,678471718484,846771678471,71
658471656767,847165676767,847165716784,656784656767,716571716784,71
717165676565,717165676771,717165676784,676765717165,677184676784,71
716767846767,657167678471,848471677167,716567676571,676571658471,71
716767656765,676767657171,677171716567,677167657167,718471677171,65
846784846771,676584656771,718484717167,717171846765,846565677167,65
716767716571,658484678467,846771677167,717165676571,676571656571,67
847171847171,846584716771,676767847167,716765846771,676767657171,71
716765846784,716584676565,846771677167,676565716771,677171656765,71
847167718467,846567678471,718471716567,716567678471,676767846771,71
656567847171,658471657167,657167658467,716565847171,678467848484,71
676771678484,716784847165,657165848484,717171848471,676765717184,65
848467658467,656767847167,718471716567,676771676565,678465848471,65
656571656771,716784717167,716765677171,658465677167,677171846571,67
676584718484,676765677184,717165656765,847171656565,657184678467,84
676571656767,656771656767,658467717171,657184716565,716765847165,71
677165716565,676565676567,718465677165,678467848467,676571676584,67
656571718471,678471656571,717171678471,716584716767,718465677167,65
657167716767,676771716765,847184656765,846771716771,656765676771,65
677165847171,676567677171,846784716765,676765676584,717184718484,67
716571718471,718471716567,656567846767,658467716567,716565716771,67
847171676771,716784658484,716765716771,656565846765,716765846765,67
676584676765,846567717165,677165718467,716584676567,677184676771,84
716567656567,717171677167,717167658484,676771718471,716584658467,67
656765657171,656571656571,717171848484,678471677171,677171656571,84
716584676584,716567677184,676784676765,677167677171,677171676565,71
848467716567,716567656567,656767846567,656571718471,846767717167,71
716767847167,656771718471,847171716771,846784677171,847171847165,65
677167716784,718467676765,847165658484,716771676784,716567676584,67
677184677167,676567656567,656571718467,847171716565,676571718467,84
656767656767,656771716771,847167677167,656584846767,677167847167,71
677165717184,717171677165,656567677165,677171678467,677171846567,67
716571718471,676567848467,656571676771,846771676771,716571656767,84
846765716765,656765846767,658484846765,716784717171,656765846767,84
717167676565,716771716584,676771677165,658484718467,678484676784,67
656584846767,717167718467,717167658467,678471848471,677184716567,71
656567716765,676771716765,657171656571,657167847184,846765657184,65
677165717171,677171676784,716565717167,678484677184,677165718465,67
678471656567,656767656567,656571846767,716771718471,656567676571,71
846784846767,656784846765,658471846767,657167716771,656571656571,65
677171677184,717171677184,717165657184,677167676784,716765718471,71
656567716567,657167848467,656567716571,656567658467,678467847167,84
846765676765,656765656765,846767677167,657167718471,656771716771,71
676567676765,676784717167,677171678484,676771678467,717167716784,71
656771677184,656567678471,656567656567,846567658467,716571716767,71
657171716767,847171677165,657165656584,846765657165,846771676765,67
676567677171,677165677165,677167676771,677165657171,676784676567,67
716771658467,658467846771,718471656571,718471676771,716584676771,65
656584846765,716784677167,657165676765,657171656765,657167847171,84
678467678467,677165717184,716565716567,677167717184,717165656765,71
716565658471,717167656571,846567848467,716767716567,848467678471,67
847171657165,656767676765,656771656571,676765657171,676771847171,84
677171676565,716584716584,677165847167,677167716771,717167676771,67
716571716771,716771677167,656571716771,677167716571,658471656767,67
716767716765,657171716771,677167847171,656765846771,676771716767,84
716767677171,676565716784,717167657165,678471676765,717165716565,71
716567676771,716771678467,846767716565,678471846567,658467718471,71
657171718471,656784676771,677171716771,716784676771,676765657167,65
717171676771,676565676771,676771716567,676765717167,716584676784,71
676771678467,656571717167,656571658467,678467656567,718467716571,65
657171677167,716784846771,656765657165,847167846784,678484676767,65
717165717184,677171676567,716784716584,676567677167,676784717171,84
847167717167,658467717184,677167716571,716571846567,656567658467,71
656765657167,847167716784,656767656765,656765846765,846765846765,84
716567677165,847167847165,677184677165,677171848467,716765676584,67
677184656767,678471678471,678471656767,848467848467,848467677167,67
657165847167,676771657167,847165846771,657167716771,716784656771,84
718465676584,677167676765,716767716767,716784718465,676565717184,67
656571677184,717167656571,676571716565,676571846567,658467656571,71
656771656767,657171676765,847171656571,656584656765,847165676767,65
718467717167,676784717165,657165677167,676571676784,716765677184,67
656567716571,676567716767,676771717167,678471716767,717167716771,71
677167847171,657165657167,847171846765,656771657184,656767716771,71
717184716584,677167676567,676784676565,716771676784,678467716771,67
678471846567,676771676571,716571678471,656767716571,676567848467,65
846784656767,847167676765,676771847184,677171847171,658471656767,84
717167676565,677165718467,717184716584,716765717171,678471716784,71
716571656565,848467676571,716771677167,678471657167,716767716767,71
657165657184,676771716767,847165676784,656765657171,676765716767,84
716771677165,657165676771,677165716771,676765676784,718471716784,71
676767716571,718471716565,678471718471,716784676567,717171678471,84
676765718484,656771846765,676784846765,656767718471,656784846784,84
677167676571,676565677165,678465676771,678467717184,718467716784,71
678467717167,716567676571,848471656567,657167678471,678471716571,71
656771716771,676784656771,847167657165,657171716771,657167716765,65
716771716767,716584676571,677167678484,676565717165,677171676784,71
716567847171,678471658471,716767716565,717167656767,656571677167,67
656765716765,846767657167,716584656765,657171716567,847171716771,65
716584716565,676767717165,656765718484,718471717165,656567676567,67
658471716567,676771656567,718467677167,677167658471,678467656571,71
846765676765,846771657171,656771676765,846771678471,676771656767,65
716584678484,676565676567,676784716584,717171677165,847167677184,71
716571676771,677184677167,716567848467,658467716565,657167656567,71
677167847171,677171847184,677165656767,847171656771,847184716584,65
717184677165,846571716767,656584676784,676571716565,656767676765,65
676767677171,676784717167,716767717171,718484848467,848484848484,71
718467717171,846565676771,716584656765,717167676771,847167678471,67
678484716767,716565718471,847165846771,657184676771,676765716784,65
676767716767,717167658484,717167716767,678471716567,676765717184,71
846767717171,677171716771,848467676567,677171846784,717171716784,71
677171716567,656771676765,716767717184,846771678467,717184677184,84
716767657167,677171676784,718471678484,717171846784,677167718471,65
656565676571,716565716767,676771678465,847171677171,717167846767,84
848484658467,716565846771,716771676567,657171657171,676784847167,65
717171716767,848484716771,716771716767,846765677165,656567676567,65
716567717167,846767717165,847171678471,656767677167,847167847171,71
847171717167,847165846784,677171676765,847171846784,677167847165,67
676765717167,678467717167,716771678471,718484716571,678467717167,71
658471716771,677167717171,676784846771,676784846771,716771847167,65
846571676771,717167677165,846765676765,676784717165,847171847167,67
677171718465,678484717167,676765846767,717167678484,717171676765,65
656567847167,676771716771,848471847171,716771658467,717167657184,65
676771716765,716767677171,677184847165,676771676765,717171677171,84
716767716767,716771717165,716565678484,716767676584,678471676767,67
656767717165,658471677167,718465676767,846767717171,656571658467,65
718465676767,657171677167,678484846784,846765717167,656784677184,67
716767678471,678484717167,676571848471,678484716571,717167676571,67
848471717184,847171678471,677171846771,658471716771,658471717167,84
847165716765,717171676765,717171676767,657167677165,657165656771,71
676567718465,716571676565,678467716771,678484716571,676567678471,71
678471657167,717184846771,656571656571,676771716571,657171656571,65
657171848484,676767657171,847167846784,717184716784,847171657165,71
716584676567,716765717171,848471678467,717171846567,718484678467,67
657171676771,677184656767,846771846571,677171658471,676771716771,65
676765677167,717171846765,716767657165,846771677165,657167717167,65
676765716784,676771676567,676567716565,716771718465,716771717167,71
677165656567,717167657171,656567717167,716771658471,656571656571,67
847165717171,847167676767,657165677165,656771677167,847171657171,65
676571676571,676571718465,656565716571,716567717184,846784716584,71
716767847167,656784718467,716567658471,846584846784,716567678484,65
678471656571,846565847167,716784717167,716567847167,677167676571,65
846771846771,656584658467,657171718471,676767846784,717167656571,71
716784847167,676765716771,846567718465,676567678484,848467677171,84
678484846567,676565676567,677171678471,656765658467,716567717167,67
677167716767,716767846767,657171846765,676771658471,678471846771,67
677165677165,656767657165,847167676771,656765717184,677165676767,67
718465718471,678467716767,716584678471,676771676571,676584716767,67
717167848467,717167848471,677171676571,846771676571,676771846771,84
676771718467,676584716771,716567656584,657165677165,847165717167,67
716571848467,716767716767,678471678484,677167716567,676571848467,71
677167656571,677184716771,847167658467,716767846771,657167656767,71
676765718484,677184656584,657167677167,717171677165,847167677171,65
678471718484,717184717167,676567677167,716567717184,676765716767,71
716767848471,678467657171,677171716771,658471716784,846771658467,71
657167847171,717165847171,717165846767,656784677184,677165717171,84
678484716584,718465718467,718467717165,718467716571,718484716584,71
656784676765,846771677171,846771657165,658467657167,657171716565,67
717171656765,846771658471,677167657184,847171676765,847165656771,71
656565717171,846771658484,678465676784,676571676765,716767717165,71
676584677167,717165847171,656567716567,716571676765,846771676765,71
716571848467,846567657167,677167716567,676571717167,846771677171,71
847165847167,676767676784,716767678471,716784716565,717167656784,71
676765676571,676771676765,716784677167,676584676784,677165847171,65
676571718471,677171656767,717167718471,656784676571,716765656765,71
676771678471,676571676771,847165718465,677171677171,676571676784,71
846771716767,716571716571,656571677167,716771848471,678471716565,84
656767847165,657171846767,847184656567,716565656565,657171676767,71
716771846771,677165717165,677167677171,716767848484,678484677165,71
716771656567,717171678467,657167677165,716765716771,656565847184,67
677167676567,676767716571,716565676571,846767656771,676571678484,71
716767657167,657167716771,846571677171,848471716771,677167656771,67
847167847184,676584677165,677184847165,676765846765,677184677171,67
716565716565,677167658467,676567677171,678467716771,676571717167,67
716767657171,677165716767,657184716767,716771677171,846571846771,67
